text,real,predicted,category
I am waiting for your call sir.,ham,spam,REVISAR
Your daily text from me – a favour this time,ham,spam,REVISAR
Burger King - Wanna play footy at a top stadium? Get 2 Burger King before 1st Sept and go Large or Super with Coca-Cola and walk out a winner,spam,ham,REVISAR
I'm at work. Please call,ham,spam,REVISAR
Want explicit SEX in 30 secs? Ring 02073162414 now! Costs 20p/min,spam,ham,REVISAR
Missed call alert. These numbers called but left no message. 07008009200,spam,ham,REVISAR
Money i have won wining number 946 wot do i do next,spam,ham,REVISAR
"In The Simpsons Movie released in July 2007 name the band that died at the start of the film? A-Green Day, B-Blue Day, C-Red Day. (Send A, B or C)",spam,ham,REVISAR
ringtoneking 84484,spam,ham,REVISAR
"Plz note: if anyone calling from a mobile Co. &amp; asks u to type # &lt;#&gt;  or # &lt;#&gt; . Do not do so. Disconnect the call,coz it iz an attempt of 'terrorist' to make use of the sim card no. Itz confirmd by nokia n motorola n has been verified by CNN IBN.",ham,spam,REVISAR
ASKED 3MOBILE IF 0870 CHATLINES INCLU IN FREE MINS. INDIA CUST SERVs SED YES. L8ER GOT MEGA BILL. 3 DONT GIV A SHIT. BAILIFF DUE IN DAYS. I O £250 3 WANT £800,spam,ham,REVISAR
Glad to see your reply.,ham,spam,REVISAR
"Sir, i am waiting for your call, once free please call me.",ham,spam,REVISAR
Babe: U want me dont u baby! Im nasty and have a thing 4 filthyguys. Fancy a rude time with a sexy bitch. How about we go slo n hard! Txt XXX SLO(4msgs),spam,ham,REVISAR
Are you free now?can i call now?,ham,spam,REVISAR
Hi Harish's rent has been transfred to ur Acnt.,ham,spam,REVISAR
Would you like to see my XXX pics they are so hot they were nearly banned in the uk!,spam,ham,REVISAR
Want explicit SEX in 30 secs? Ring 02073162414 now! Costs 20p/min Gsex POBOX 2667 WC1N 3XX,spam,ham,REVISAR
"Latest News! Police station toilet stolen, cops have nothing to go on!",spam,ham,REVISAR
Hi its LUCY Hubby at meetins all day Fri & I will B alone at hotel U fancy cumin over? Pls leave msg 2day 09099726395 Lucy x Calls£1/minMobsmoreLKPOBOX177HP51FL,spam,ham,REVISAR
I (Career Tel) have added u as a contact on INDYAROCKS.COM to send FREE SMS. To remove from phonebook - sms NO to  &lt;#&gt;,ham,spam,REVISAR
I'm at home. Please call,ham,spam,REVISAR
Total video converter free download type this in google search:),ham,spam,REVISAR
Dont you have message offer,ham,spam,REVISAR
"Please protect yourself from e-threats. SIB never asks for sensitive information like Passwords,ATM/SMS PIN thru email. Never share your password with anybody.",ham,spam,REVISAR
